mean_fit_time,std_fit_time,mean_score_time,std_score_time,param_model__C,param_model__class_weight,param_tfidf__max_features,param_tfidf__ngram_range,param_tfidf__stop_words,params,split0_test_score,split1_test_score,split2_test_score,mean_test_score,std_test_score,rank_test_score
85.69188674290974,3.385737652246913,8.489067475001017,0.48512793878560173,0.1,,5000,"(1, 1)",,"{'model__C': 0.1, 'model__class_weight': None, 'tfidf__max_features': 5000, 'tfidf__ngram_range': (1, 1), 'tfidf__stop_words': None}",0.22084165738003445,0.21947248346393466,0.22289396213089657,0.22106936765828858,0.0014060625982356507,64
69.89257550239563,6.225901803535055,8.453036149342855,1.4262203511824019,0.1,,5000,"(1, 1)",english,"{'model__C': 0.1, 'model__class_weight': None, 'tfidf__max_features': 5000, 'tfidf__ngram_range': (1, 1), 'tfidf__stop_words': 'english'}",0.23106392923557595,0.2292699389549747,0.2333525361309876,0.23122880144051275,0.001670785655186946,62
119.05239526430766,2.3077547501367275,13.721721251805624,0.979545941013958,0.1,,5000,"(1, 2)",,"{'model__C': 0.1, 'model__class_weight': None, 'tfidf__max_features': 5000, 'tfidf__ngram_range': (1, 2), 'tfidf__stop_words': None}",0.2129290189315751,0.2133135580047715,0.2153433695926319,0.21386198217632615,0.0010591975209548708,66
90.13804507255554,4.097339462953186,11.092538833618164,1.7703367931142533,0.1,,5000,"(1, 2)",english,"{'model__C': 0.1, 'model__class_weight': None, 'tfidf__max_features': 5000, 'tfidf__ngram_range': (1, 2), 'tfidf__stop_words': 'english'}",0.23403037706457824,0.23227205343900825,0.2370394845319142,0.23444730501183356,0.0019684971410195997,61
99.43808913230896,3.9761419802093303,9.85156019528707,1.959626550971948,0.1,,10000,"(1, 1)",,"{'model__C': 0.1, 'model__class_weight': None, 'tfidf__max_features': 10000, 'tfidf__ngram_range': (1, 1), 'tfidf__stop_words': None}",0.20847120360157195,0.20626430167165638,0.21185817408037635,0.2088645597845349,0.002300564995280657,67
84.14529673258464,8.479330396767244,7.525415897369385,1.597507924475151,0.1,,10000,"(1, 1)",english,"{'model__C': 0.1, 'model__class_weight': None, 'tfidf__max_features': 10000, 'tfidf__ngram_range': (1, 1), 'tfidf__stop_words': 'english'}",0.2149358399630239,0.21554504180417378,0.21885049095721257,0.21644379090813673,0.0017198712288000449,65
149.16305645306906,12.414929413578092,17.000390847524006,2.506817339846087,0.1,,10000,"(1, 2)",,"{'model__C': 0.1, 'model__class_weight': None, 'tfidf__max_features': 10000, 'tfidf__ngram_range': (1, 2), 'tfidf__stop_words': None}",0.20033305863514017,0.19904290978856698,0.20316147588621783,0.20084581476997498,0.0017200457000784983,70
117.44112809499104,3.5470960370308924,11.710642655690512,2.3382472188315435,0.1,,10000,"(1, 2)",english,"{'model__C': 0.1, 'model__class_weight': None, 'tfidf__max_features': 10000, 'tfidf__ngram_range': (1, 2), 'tfidf__stop_words': 'english'}",0.2199614533352093,0.21992332516394655,0.22466146060645156,0.22151541303520247,0.0022246460287399547,63
138.92201765378317,18.264521159367906,9.529958486557007,2.32981358471138,0.1,,20000,"(1, 1)",,"{'model__C': 0.1, 'model__class_weight': None, 'tfidf__max_features': 20000, 'tfidf__ngram_range': (1, 1), 'tfidf__stop_words': None}",0.1971238721832586,0.19587185682663447,0.20041583616559255,0.1978038550584952,0.0019163715003761266,71
140.71709044774374,10.221059372595175,6.9401891231536865,0.18097940734482298,0.1,,20000,"(1, 1)",english,"{'model__C': 0.1, 'model__class_weight': None, 'tfidf__max_features': 20000, 'tfidf__ngram_range': (1, 1), 'tfidf__stop_words': 'english'}",0.20332183523920114,0.20367728149203884,0.2061467507447361,0.20438195582532537,0.0012563071122268245,69
194.9482344786326,9.768839976839326,15.867138147354126,0.5110885727732473,0.1,,20000,"(1, 2)",,"{'model__C': 0.1, 'model__class_weight': None, 'tfidf__max_features': 20000, 'tfidf__ngram_range': (1, 2), 'tfidf__stop_words': None}",0.18561542710522594,0.18491450297227469,0.19077079310906114,0.18710024106218726,0.0026111986911054124,72
135.95030872027078,11.166375917645844,10.97001051902771,0.7228474787747047,0.1,,20000,"(1, 2)",english,"{'model__C': 0.1, 'model__class_weight': None, 'tfidf__max_features': 20000, 'tfidf__ngram_range': (1, 2), 'tfidf__stop_words': 'english'}",0.2073423629963053,0.206773590671576,0.21098688756150077,0.20836761374312737,0.00186660511643587,68
44.67512051264445,4.554449761064297,6.759759346644084,0.34576333390123676,0.1,balanced,5000,"(1, 1)",,"{'model__C': 0.1, 'model__class_weight': 'balanced', 'tfidf__max_features': 5000, 'tfidf__ngram_range': (1, 1), 'tfidf__stop_words': None}",0.38965639757740334,0.3887818502295494,0.3906458299363996,0.3896946925811175,0.0007614481673624467,57
38.6962890625,3.4350241944100475,6.53520393371582,0.19001022199590212,0.1,balanced,5000,"(1, 1)",english,"{'model__C': 0.1, 'model__class_weight': 'balanced', 'tfidf__max_features': 5000, 'tfidf__ngram_range': (1, 1), 'tfidf__stop_words': 'english'}",0.3906839464269985,0.3903032862657951,0.3927426513329265,0.39124329467524,0.0010715342053316036,55
70.92586064338684,2.6879396432613656,11.706862370173136,0.9099533552092027,0.1,balanced,5000,"(1, 2)",,"{'model__C': 0.1, 'model__class_weight': 'balanced', 'tfidf__max_features': 5000, 'tfidf__ngram_range': (1, 2), 'tfidf__stop_words': None}",0.37334956508845357,0.37305966652454087,0.37195782756088874,0.37278901972462775,0.0005995390474553392,60
55.5604502360026,1.2798542537998387,8.583933115005493,0.11836949711849044,0.1,balanced,5000,"(1, 2)",english,"{'model__C': 0.1, 'model__class_weight': 'balanced', 'tfidf__max_features': 5000, 'tfidf__ngram_range': (1, 2), 'tfidf__stop_words': 'english'}",0.38949035494247053,0.38867494243974887,0.3923695160730385,0.3901782711517526,0.0015848007479794869,56
35.46979729334513,1.373598922023314,6.526991605758667,0.1632031890825417,0.1,balanced,10000,"(1, 1)",,"{'model__C': 0.1, 'model__class_weight': 'balanced', 'tfidf__max_features': 10000, 'tfidf__ngram_range': (1, 1), 'tfidf__stop_words': None}",0.4016159180097378,0.39882482001642106,0.3996314157267991,0.400024051250986,0.001172796939859096,49
39.57668924331665,1.3280190465305086,5.778230508168538,0.27974515078444584,0.1,balanced,10000,"(1, 1)",english,"{'model__C': 0.1, 'model__class_weight': 'balanced', 'tfidf__max_features': 10000, 'tfidf__ngram_range': (1, 1), 'tfidf__stop_words': 'english'}",0.4036028823016161,0.4024871117377432,0.40516197762685424,0.4037506572220712,0.0010969974024639764,45
74.78230969111125,6.618351198981897,12.348643938700357,1.4305246603527118,0.1,balanced,10000,"(1, 2)",,"{'model__C': 0.1, 'model__class_weight': 'balanced', 'tfidf__max_features': 10000, 'tfidf__ngram_range': (1, 2), 'tfidf__stop_words': None}",0.38969415022512194,0.3870897669229871,0.38863282809974364,0.3884722484159509,0.0010692809023653722,58
62.96694691975912,0.12979453773273306,9.109785795211792,0.5678329985020515,0.1,balanced,10000,"(1, 2)",english,"{'model__C': 0.1, 'model__class_weight': 'balanced', 'tfidf__max_features': 10000, 'tfidf__ngram_range': (1, 2), 'tfidf__stop_words': 'english'}",0.4050829442027248,0.40292554714472617,0.4059757510883892,0.40466141414528006,0.0012804170457267345,44
46.964199701944985,3.3662413439479755,7.575468142827352,0.4453499090022172,0.1,balanced,20000,"(1, 1)",,"{'model__C': 0.1, 'model__class_weight': 'balanced', 'tfidf__max_features': 20000, 'tfidf__ngram_range': (1, 1), 'tfidf__stop_words': None}",0.4049150679869576,0.40216572407058576,0.4024034578690388,0.403161416642194,0.0012438111107867756,46
50.732117335001625,1.0389169982802118,6.233360846837361,0.13246866536556318,0.1,balanced,20000,"(1, 1)",english,"{'model__C': 0.1, 'model__class_weight': 'balanced', 'tfidf__max_features': 20000, 'tfidf__ngram_range': (1, 1), 'tfidf__stop_words': 'english'}",0.408302552614646,0.4064977378795064,0.4080915813487411,0.4076306239476311,0.0008056882570294675,41
85.75686001777649,10.586280398730963,12.740102211634317,0.6924629308597067,0.1,balanced,20000,"(1, 2)",,"{'model__C': 0.1, 'model__class_weight': 'balanced', 'tfidf__max_features': 20000, 'tfidf__ngram_range': (1, 2), 'tfidf__stop_words': None}",0.3974586156181341,0.3958085618321928,0.3950662794709502,0.3961111523070924,0.0009998295877817255,51
71.03634270032246,2.0892566263972063,9.410136779149374,0.889344421726468,0.1,balanced,20000,"(1, 2)",english,"{'model__C': 0.1, 'model__class_weight': 'balanced', 'tfidf__max_features': 20000, 'tfidf__ngram_range': (1, 2), 'tfidf__stop_words': 'english'}",0.4108268991795965,0.4098338277626669,0.41167619491348606,0.41077897395191654,0.0007529062802193031,39
145.6429601510366,4.134141734757726,6.7530449231465655,0.3336807965402568,1.0,,5000,"(1, 1)",,"{'model__C': 1.0, 'model__class_weight': None, 'tfidf__max_features': 5000, 'tfidf__ngram_range': (1, 1), 'tfidf__stop_words': None}",0.4140107074606626,0.41002831512157106,0.4153988992847293,0.4131459739556543,0.002276198085903246,37
117.65100924173991,4.737678421386179,5.845089753468831,0.10651875251388067,1.0,,5000,"(1, 1)",english,"{'model__C': 1.0, 'model__class_weight': None, 'tfidf__max_features': 5000, 'tfidf__ngram_range': (1, 1), 'tfidf__stop_words': 'english'}",0.40981439772154116,0.4041295689205819,0.4066860184269176,0.40687666168968023,0.002324733427625857,42
189.9108157157898,10.116793087730935,11.697224060694376,1.4156780692063955,1.0,,5000,"(1, 2)",,"{'model__C': 1.0, 'model__class_weight': None, 'tfidf__max_features': 5000, 'tfidf__ngram_range': (1, 2), 'tfidf__stop_words': None}",0.3937110141198639,0.38812560544406527,0.3962814517580956,0.39270602377400826,0.003404600952727335,53
147.53586943944296,1.6826864504670467,8.570461511611938,0.11015592079060789,1.0,,5000,"(1, 2)",english,"{'model__C': 1.0, 'model__class_weight': None, 'tfidf__max_features': 5000, 'tfidf__ngram_range': (1, 2), 'tfidf__stop_words': 'english'}",0.40624453009340156,0.4027398319756327,0.4070935119042704,0.4053592913244349,0.0018843863702926334,43
187.0385258992513,11.615746253410038,7.011292298634847,0.21632319133903807,1.0,,10000,"(1, 1)",,"{'model__C': 1.0, 'model__class_weight': None, 'tfidf__max_features': 10000, 'tfidf__ngram_range': (1, 1), 'tfidf__stop_words': None}",0.4275206661235059,0.4253317791067606,0.42868791650872345,0.4271801205796633,0.0013911369488747306,23
147.73175954818726,3.6802165720233773,7.0965635776519775,1.096473947764691,1.0,,10000,"(1, 1)",english,"{'model__C': 1.0, 'model__class_weight': None, 'tfidf__max_features': 10000, 'tfidf__ngram_range': (1, 1), 'tfidf__stop_words': 'english'}",0.4234455927238924,0.41869698332367616,0.4216938019688431,0.42127879267213714,0.001960696703762835,30
255.12767601013184,7.835800956936394,11.719276110331217,0.23613546581074865,1.0,,10000,"(1, 2)",,"{'model__C': 1.0, 'model__class_weight': None, 'tfidf__max_features': 10000, 'tfidf__ngram_range': (1, 2), 'tfidf__stop_words': None}",0.4088612457940247,0.4060460944207609,0.41034395160462206,0.40841709727313585,0.0017824786159862816,40
168.0792052745819,4.793290324056522,9.63468106587728,1.415468031740142,1.0,,10000,"(1, 2)",english,"{'model__C': 1.0, 'model__class_weight': None, 'tfidf__max_features': 10000, 'tfidf__ngram_range': (1, 2), 'tfidf__stop_words': 'english'}",0.420275319519907,0.42061375563079345,0.42097482529133845,0.4206213001473463,0.0002856218605825936,31
252.02643140157065,25.707091523260186,6.835043827692668,0.09392841225594839,1.0,,20000,"(1, 1)",,"{'model__C': 1.0, 'model__class_weight': None, 'tfidf__max_features': 20000, 'tfidf__ngram_range': (1, 1), 'tfidf__stop_words': None}",0.4286188297521819,0.4264024782688761,0.42557323616265,0.42686484806123604,0.0012856255148926854,24
225.75459694862366,4.853733754318488,7.302216053009033,1.3215317085025855,1.0,,20000,"(1, 1)",english,"{'model__C': 1.0, 'model__class_weight': None, 'tfidf__max_features': 20000, 'tfidf__ngram_range': (1, 1), 'tfidf__stop_words': 'english'}",0.42444715689205914,0.4202106555787647,0.42304626123897193,0.4225680245699319,0.0017622936906386635,27
347.72619223594666,23.002076968081237,11.583494663238525,0.059071200884943775,1.0,,20000,"(1, 2)",,"{'model__C': 1.0, 'model__class_weight': None, 'tfidf__max_features': 20000, 'tfidf__ngram_range': (1, 2), 'tfidf__stop_words': None}",0.4133793522899067,0.41125250843219047,0.4126344533755814,0.4124221046992262,0.000881167849708051,38
240.58728321393332,8.58768258600266,8.692814668019613,0.15424552766199243,1.0,,20000,"(1, 2)",english,"{'model__C': 1.0, 'model__class_weight': None, 'tfidf__max_features': 20000, 'tfidf__ngram_range': (1, 2), 'tfidf__stop_words': 'english'}",0.42676713504006886,0.4249107300472328,0.4275489288839851,0.42640893132376223,0.0011064223733403729,25
104.25209450721741,10.237639804956789,7.440391778945923,1.052622957605223,1.0,balanced,5000,"(1, 1)",,"{'model__C': 1.0, 'model__class_weight': 'balanced', 'tfidf__max_features': 5000, 'tfidf__ngram_range': (1, 1), 'tfidf__stop_words': None}",0.42149943255121725,0.4196233836467962,0.4261199529870305,0.4224142563950146,0.0027299609639459725,28
83.31393321355183,3.16708268472181,6.864311138788859,1.2922094865397216,1.0,balanced,5000,"(1, 1)",english,"{'model__C': 1.0, 'model__class_weight': 'balanced', 'tfidf__max_features': 5000, 'tfidf__ngram_range': (1, 1), 'tfidf__stop_words': 'english'}",0.4182467610937775,0.4166022162867605,0.4197255265769847,0.4181915013191742,0.0012756846591202272,33
125.77419622739156,4.760039499027531,10.9093918800354,0.27126933140137466,1.0,balanced,5000,"(1, 2)",,"{'model__C': 1.0, 'model__class_weight': 'balanced', 'tfidf__max_features': 5000, 'tfidf__ngram_range': (1, 2), 'tfidf__stop_words': None}",0.402463359715622,0.401441518779952,0.4027941286217014,0.40223300237242515,0.0005757237330368797,47
98.3602322737376,1.8316809572995276,9.365973949432373,1.2733308787301998,1.0,balanced,5000,"(1, 2)",english,"{'model__C': 1.0, 'model__class_weight': 'balanced', 'tfidf__max_features': 5000, 'tfidf__ngram_range': (1, 2), 'tfidf__stop_words': 'english'}",0.41574313992537787,0.41267929154142086,0.4172342141571712,0.41521888187465666,0.0018961302498647133,34
111.83234604199727,3.717328102456447,6.666024923324585,0.13030560514989797,1.0,balanced,10000,"(1, 1)",,"{'model__C': 1.0, 'model__class_weight': 'balanced', 'tfidf__max_features': 10000, 'tfidf__ngram_range': (1, 1), 'tfidf__stop_words': None}",0.4469435435595951,0.4453678518727755,0.4504829172934925,0.44759810424195434,0.002138895482832459,13
92.59045505523682,4.331888165253222,6.814874172210693,0.9482568381942273,1.0,balanced,10000,"(1, 1)",english,"{'model__C': 1.0, 'model__class_weight': 'balanced', 'tfidf__max_features': 10000, 'tfidf__ngram_range': (1, 1), 'tfidf__stop_words': 'english'}",0.44546283604156534,0.4428135632455434,0.4465622017837762,0.4449462003569617,0.0015733736673224441,15
143.97733807563782,7.969472526278402,11.277860720952352,0.10028212555690945,1.0,balanced,10000,"(1, 2)",,"{'model__C': 1.0, 'model__class_weight': 'balanced', 'tfidf__max_features': 10000, 'tfidf__ngram_range': (1, 2), 'tfidf__stop_words': None}",0.4315448195236053,0.4301739852230269,0.43350463142137746,0.43174114538933656,0.0013667989144501326,21
121.43863725662231,6.321876566375933,8.505426009496054,0.19287255204575607,1.0,balanced,10000,"(1, 2)",english,"{'model__C': 1.0, 'model__class_weight': 'balanced', 'tfidf__max_features': 10000, 'tfidf__ngram_range': (1, 2), 'tfidf__stop_words': 'english'}",0.44347914507387454,0.43990304890446763,0.4440198228287178,0.4424673389356866,0.001826612644907248,16
150.5576146443685,12.486839327055074,7.723548571268718,1.2776971491169975,1.0,balanced,20000,"(1, 1)",,"{'model__C': 1.0, 'model__class_weight': 'balanced', 'tfidf__max_features': 20000, 'tfidf__ngram_range': (1, 1), 'tfidf__stop_words': None}",0.4588785992536534,0.45871136875964313,0.4623681971148174,0.4599860550427046,0.0016858118021355032,3
127.54816730817159,7.474247692429707,6.028849283854167,0.2935532287993352,1.0,balanced,20000,"(1, 1)",english,"{'model__C': 1.0, 'model__class_weight': 'balanced', 'tfidf__max_features': 20000, 'tfidf__ngram_range': (1, 1), 'tfidf__stop_words': 'english'}",0.4597413313527684,0.4547499214773661,0.4614221548343437,0.4586378025548261,0.0028334909385664356,5
211.98945816357931,13.244176790762653,11.360474189122518,0.12312122566459228,1.0,balanced,20000,"(1, 2)",,"{'model__C': 1.0, 'model__class_weight': 'balanced', 'tfidf__max_features': 20000, 'tfidf__ngram_range': (1, 2), 'tfidf__stop_words': None}",0.4520382315709184,0.45063247324588424,0.4543864363961398,0.45235238040431414,0.001548564270652463,11
159.28023727734885,5.046217620961473,9.786768515904745,1.541859360632927,1.0,balanced,20000,"(1, 2)",english,"{'model__C': 1.0, 'model__class_weight': 'balanced', 'tfidf__max_features': 20000, 'tfidf__ngram_range': (1, 2), 'tfidf__stop_words': 'english'}",0.4605806476819314,0.4569532544197731,0.46125923594425494,0.4595977126819865,0.0018903245105681972,4
313.10760855674744,10.245854695763775,7.476711988449097,1.4032175397026723,10.0,,5000,"(1, 1)",,"{'model__C': 10.0, 'model__class_weight': None, 'tfidf__max_features': 5000, 'tfidf__ngram_range': (1, 1), 'tfidf__stop_words': None}",0.42211856482394466,0.4202411314100736,0.42283463185612274,0.42173144269671364,0.001093605290452395,29
229.5388893286387,7.776380070856517,5.91966970761617,0.10956232527705756,10.0,,5000,"(1, 1)",english,"{'model__C': 10.0, 'model__class_weight': None, 'tfidf__max_features': 5000, 'tfidf__ngram_range': (1, 1), 'tfidf__stop_words': 'english'}",0.414916992128113,0.41223270017518504,0.4151768928401874,0.4141088617144952,0.0013308828363719155,35
329.92251475652057,27.98243849119207,11.045852104822794,0.11034113132573432,10.0,,5000,"(1, 2)",,"{'model__C': 10.0, 'model__class_weight': None, 'tfidf__max_features': 5000, 'tfidf__ngram_range': (1, 2), 'tfidf__stop_words': None}",0.4007912371038671,0.39733380107757876,0.40198741294132956,0.4000374837075918,0.001973175778858022,48
261.8766547838847,15.385048591161937,8.39891759554545,0.15364015023667052,10.0,,5000,"(1, 2)",english,"{'model__C': 10.0, 'model__class_weight': None, 'tfidf__max_features': 5000, 'tfidf__ngram_range': (1, 2), 'tfidf__stop_words': 'english'}",0.41356205678641433,0.4117313852722172,0.41515497346699143,0.4134828051752077,0.001398797017740246,36
372.1159807840983,18.21367604675347,7.563707590103149,1.1201018795210038,10.0,,10000,"(1, 1)",,"{'model__C': 10.0, 'model__class_weight': None, 'tfidf__max_features': 10000, 'tfidf__ngram_range': (1, 1), 'tfidf__stop_words': None}",0.4491883437033142,0.4460165218827174,0.4477352138043463,0.44764669313012595,0.0012964028046166254,12
293.6920741399129,19.383050361472886,6.3891957600911455,0.270443134645095,10.0,,10000,"(1, 1)",english,"{'model__C': 10.0, 'model__class_weight': None, 'tfidf__max_features': 10000, 'tfidf__ngram_range': (1, 1), 'tfidf__stop_words': 'english'}",0.43893483673813577,0.4372592321957039,0.4389800603318992,0.43839137642191295,0.0008007597247040218,18
479.0238717397054,11.652631047837826,11.408507188161215,0.21680420993103025,10.0,,10000,"(1, 2)",,"{'model__C': 10.0, 'model__class_weight': None, 'tfidf__max_features': 10000, 'tfidf__ngram_range': (1, 2), 'tfidf__stop_words': None}",0.4253578356767115,0.42382058610521944,0.42605142109701,0.42507661429298027,0.0009321910713117589,26
343.87068883577984,10.334550097492697,9.67413036028544,1.2270102320161191,10.0,,10000,"(1, 2)",english,"{'model__C': 10.0, 'model__class_weight': None, 'tfidf__max_features': 10000, 'tfidf__ngram_range': (1, 2), 'tfidf__stop_words': 'english'}",0.4388765990180263,0.43578112619401255,0.43880460876906097,0.43782077799369995,0.0014425510382565351,19
483.8461564381917,21.828030360016793,6.767329216003418,0.1733379643662726,10.0,,20000,"(1, 1)",,"{'model__C': 10.0, 'model__class_weight': None, 'tfidf__max_features': 20000, 'tfidf__ngram_range': (1, 1), 'tfidf__stop_words': None}",0.46099746381055984,0.45796682124142507,0.46212784682693614,0.46036404395964037,0.0017567866520959196,2
460.8316674232483,6.722604772172944,6.450038433074951,0.0604343605924993,10.0,,20000,"(1, 1)",english,"{'model__C': 10.0, 'model__class_weight': None, 'tfidf__max_features': 20000, 'tfidf__ngram_range': (1, 1), 'tfidf__stop_words': 'english'}",0.45423387402228516,0.45270722910019157,0.4526763109037117,0.4532058046753962,0.0007270643805642905,10
609.7266844908396,46.02010101752546,12.628175020217896,1.3538178877153502,10.0,,20000,"(1, 2)",,"{'model__C': 10.0, 'model__class_weight': None, 'tfidf__max_features': 20000, 'tfidf__ngram_range': (1, 2), 'tfidf__stop_words': None}",0.4467620259717541,0.4470569338669218,0.44585126397473246,0.44655674127113615,0.0005131707503120964,14
434.0062894821167,18.059194843207536,8.607288042704264,0.1717751881027157,10.0,,20000,"(1, 2)",english,"{'model__C': 10.0, 'model__class_weight': None, 'tfidf__max_features': 20000, 'tfidf__ngram_range': (1, 2), 'tfidf__stop_words': 'english'}",0.4526441764286626,0.4555123839061559,0.4551467758244306,0.45443444538641636,0.0012746802273977673,8
199.07927997907004,13.388460109166074,7.358882824579875,0.9894768382540037,10.0,balanced,5000,"(1, 1)",,"{'model__C': 10.0, 'model__class_weight': 'balanced', 'tfidf__max_features': 5000, 'tfidf__ngram_range': (1, 1), 'tfidf__stop_words': None}",0.3988295491393895,0.39768790958394584,0.40120369215689305,0.3992403836267428,0.0014644158123199309,50
145.55037824312845,6.487858658176156,5.90739893913269,0.37434236575995017,10.0,balanced,5000,"(1, 1)",english,"{'model__C': 10.0, 'model__class_weight': 'balanced', 'tfidf__max_features': 5000, 'tfidf__ngram_range': (1, 1), 'tfidf__stop_words': 'english'}",0.3945736641220734,0.3914833474751265,0.3972856525618382,0.39444755471967935,0.0023704589943509898,52
226.99065820376077,12.241739134183058,11.15734632809957,0.19036039290876752,10.0,balanced,5000,"(1, 2)",,"{'model__C': 10.0, 'model__class_weight': 'balanced', 'tfidf__max_features': 5000, 'tfidf__ngram_range': (1, 2), 'tfidf__stop_words': None}",0.380369471714351,0.3759109793053011,0.37928307556387936,0.37852117552784387,0.0018982285406964898,59
180.047176917394,8.102294370622769,9.313846190770468,0.8845885638150865,10.0,balanced,5000,"(1, 2)",english,"{'model__C': 10.0, 'model__class_weight': 'balanced', 'tfidf__max_features': 5000, 'tfidf__ngram_range': (1, 2), 'tfidf__stop_words': 'english'}",0.3905052542061409,0.38910366428945664,0.3955076938240159,0.3917055374398712,0.0027487461930556976,54
233.4829659461975,9.193391089424814,6.824321349461873,0.2227094435664766,10.0,balanced,10000,"(1, 1)",,"{'model__C': 10.0, 'model__class_weight': 'balanced', 'tfidf__max_features': 10000, 'tfidf__ngram_range': (1, 1), 'tfidf__stop_words': None}",0.4393670989552711,0.43702450633514056,0.4421398784769509,0.4395104945891209,0.0020908020419857587,17
175.856525182724,16.618549049235064,6.816411892573039,0.9656951472597757,10.0,balanced,10000,"(1, 1)",english,"{'model__C': 10.0, 'model__class_weight': 'balanced', 'tfidf__max_features': 10000, 'tfidf__ngram_range': (1, 1), 'tfidf__stop_words': 'english'}",0.43415763585148115,0.4322793312375092,0.4335410479039734,0.4333260049976546,0.0007817457576414421,20
253.0460971991221,14.060685660147858,11.3937300046285,0.38266645662197313,10.0,balanced,10000,"(1, 2)",,"{'model__C': 10.0, 'model__class_weight': 'balanced', 'tfidf__max_features': 10000, 'tfidf__ngram_range': (1, 2), 'tfidf__stop_words': None}",0.4188511244770174,0.41766786090837754,0.4240210834363805,0.4201800229405918,0.0027586636218102597,32
204.77907490730286,15.37103763749495,9.556247075398764,0.2978434868918005,10.0,balanced,10000,"(1, 2)",english,"{'model__C': 10.0, 'model__class_weight': 'balanced', 'tfidf__max_features': 10000, 'tfidf__ngram_range': (1, 2), 'tfidf__stop_words': 'english'}",0.43160807739122925,0.42973661021275333,0.43237833339891046,0.4312410070009643,0.0011092732911316204,22
287.1279311974843,20.37790791507865,8.101732730865479,1.1916576402026324,10.0,balanced,20000,"(1, 1)",,"{'model__C': 10.0, 'model__class_weight': 'balanced', 'tfidf__max_features': 20000, 'tfidf__ngram_range': (1, 1), 'tfidf__stop_words': None}",0.46270535668100266,0.45873814761539533,0.46266680358920176,0.4613701026285333,0.0018611397903091917,1
253.1619877020518,14.773591901481536,6.459868987401326,0.3230961559647727,10.0,balanced,20000,"(1, 1)",english,"{'model__C': 10.0, 'model__class_weight': 'balanced', 'tfidf__max_features': 20000, 'tfidf__ngram_range': (1, 1), 'tfidf__stop_words': 'english'}",0.45686126995055804,0.453279220313496,0.45586710590106183,0.4553358653883719,0.0015098415507013394,7
335.41910036404926,21.002405074480418,8.473539113998413,1.4273082996992097,10.0,balanced,20000,"(1, 2)",,"{'model__C': 10.0, 'model__class_weight': 'balanced', 'tfidf__max_features': 20000, 'tfidf__ngram_range': (1, 2), 'tfidf__stop_words': None}",0.45272182702014163,0.45186863730883225,0.4552204350192125,0.45327029978272887,0.001422264333449203,9
237.41877595583597,11.856791481134241,6.118857145309448,1.1677542646213135,10.0,balanced,20000,"(1, 2)",english,"{'model__C': 10.0, 'model__class_weight': 'balanced', 'tfidf__max_features': 20000, 'tfidf__ngram_range': (1, 2), 'tfidf__stop_words': 'english'}",0.4589556710015201,0.45546489306495497,0.45912583192336837,0.45784879866328115,0.0016871066180751111,6
